KOD;NAZEV;ORP_KOD;SPRAVNI_OBEC_KOD;PLATI_OD;PLATI_DO;DATUM_VZNIKU
2691;Adamov;1295;581291;06.06.2015 00:00:00;;24.11.1990 00:00:00
1074;Aö;507;554499;06.06.2015 00:00:00;;24.11.1990 00:00:00
957;BechynÏ;477;552054;06.06.2015 00:00:00;;24.11.1990 00:00:00
27;Beneöov;27;529303;09.11.2015 00:00:00;;24.11.1990 00:00:00
1571;Beneöov nad PlouËnicÌ;728;562351;17.09.2015 00:00:00;;24.11.1990 00:00:00
272;Ben·tky nad Jizerou;167;535451;06.06.2015 00:00:00;;24.11.1990 00:00:00
78;Beroun;51;531057;08.02.2016 00:00:00;;24.11.1990 00:00:00
1465;Bezdruûice;680;560740;28.07.2015 00:00:00;;24.11.1990 00:00:00
2704;Blansko;1295;581283;17.12.2015 00:00:00;;24.11.1990 00:00:00
914;Blatn·;434;550850;29.09.2015 00:00:00;;24.11.1990 00:00:00
1236;Blovice;591;557587;15.12.2015 00:00:00;;24.11.1990 00:00:00
3557;BohumÌn;1783;599051;06.06.2015 00:00:00;;24.11.1990 00:00:00
3212;Bojkovice;1619;592048;18.11.2015 00:00:00;;24.11.1990 00:00:00
1473;Bor;698;560758;12.11.2015 00:00:00;;24.11.1990 00:00:00
2712;Boskovice;1309;581372;06.06.2015 00:00:00;;24.11.1990 00:00:00
361;Brand˝s nad Labem-Star· Boleslav;213;538094;20.01.2016 00:00:00;;24.11.1990 00:00:00
2747;Brno;1317;582786;06.06.2015 00:00:00;;01.01.2003 00:00:00
2224;Broumov;1031;573922;10.06.2015 00:00:00;;24.11.1990 00:00:00
2861;Brumov-Bylnice;1449;585114;06.06.2015 00:00:00;;24.11.1990 00:00:00
3425;Brunt·l;1716;597180;20.01.2016 00:00:00;;24.11.1990 00:00:00
3263;BuËovice;1627;592943;17.12.2015 00:00:00;;24.11.1990 00:00:00
3379;Byst¯ice nad Pernötejnem;1678;595411;14.12.2015 00:00:00;;24.11.1990 00:00:00
3051;Byst¯ice pod Host˝nem;1520;588393;06.06.2015 00:00:00;;24.11.1990 00:00:00
2941;Bzenec;1481;586081;06.06.2015 00:00:00;;24.11.1990 00:00:00
281;BÏl· pod BezdÏzem;167;535443;27.11.2015 00:00:00;;24.11.1990 00:00:00
1902;BÌlina;906;567451;22.10.2015 00:00:00;;24.11.1990 00:00:00
3603;BÌlovec;1830;599247;27.08.2015 00:00:00;;24.11.1990 00:00:00
2810;B¯eclav;1384;584291;16.12.2015 00:00:00;;24.11.1990 00:00:00
485;B¯eznice;256;540013;29.09.2015 00:00:00;;24.11.1990 00:00:00
1082;Cheb;515;554481;06.06.2015 00:00:00;;24.11.1990 00:00:00
2038;Chlumec nad Cidlinou;965;570109;08.12.2015 00:00:00;;24.11.1990 00:00:00
2607;ChoceÚ;1252;580350;06.06.2015 00:00:00;;24.11.1990 00:00:00
1406;Chodov;671;560383;06.06.2015 00:00:00;;24.11.1990 00:00:00
1635;Chomutov;752;562971;05.02.2016 00:00:00;;24.11.1990 00:00:00
1970;ChotÏbo¯;931;568759;27.10.2015 00:00:00;;24.11.1990 00:00:00
2097;Chrast;981;571539;15.12.2015 00:00:00;;24.11.1990 00:00:00
1716;Chrastava;817;564117;06.06.2015 00:00:00;;24.11.1990 00:00:00
3069;ChropynÏ;1546;588512;16.06.2015 00:00:00;;24.11.1990 00:00:00
2101;Chrudim;981;571164;15.12.2015 00:00:00;;24.11.1990 00:00:00
2313;Chvaletice;1091;575071;06.06.2015 00:00:00;;24.11.1990 00:00:00
1511;Cvikov;701;561479;06.06.2015 00:00:00;;24.11.1990 00:00:00
701;DaËice;337;546127;17.12.2015 00:00:00;;24.11.1990 00:00:00
2364;Dobruöka;1104;576271;06.06.2015 00:00:00;;24.11.1990 00:00:00
1244;Dob¯any;621;557676;07.12.2015 00:00:00;;24.11.1990 00:00:00
493;Dob¯Ìö;248;540111;08.02.2016 00:00:00;;24.11.1990 00:00:00
1520;Doksy;710;561495;25.01.2016 00:00:00;;24.11.1990 00:00:00
1015;Domaûlice;485;553425;21.10.2015 00:00:00;;24.11.1990 00:00:00
1911;Duchcov;914;567515;27.11.2015 00:00:00;;24.11.1990 00:00:00
2534;Dv˘r Kr·lovÈ nad Labem;1201;579203;10.11.2015 00:00:00;;24.11.1990 00:00:00
1589;DÏËÌn;728;562335;17.09.2015 00:00:00;;24.11.1990 00:00:00
3611;Frenöt·t pod RadhoötÏm;1848;599344;06.06.2015 00:00:00;;24.11.1990 00:00:00
3506;Fr˝dek-MÌstek;1741;598003;06.06.2015 00:00:00;;24.11.1990 00:00:00
1724;Fr˝dlant;809;564028;14.07.2015 00:00:00;;24.11.1990 00:00:00
3514;Fr˝dlant nad OstravicÌ;1759;598143;06.06.2015 00:00:00;;24.11.1990 00:00:00
3620;Fulnek;1872;599352;19.11.2015 00:00:00;;24.11.1990 00:00:00
1988;GolË˘v JenÌkov;949;568635;06.06.2015 00:00:00;;24.11.1990 00:00:00
3832;Hanuöovice;2020;535532;08.01.2016 00:00:00;;24.11.1990 00:00:00
1996;HavlÌËk˘v Brod;949;568414;06.01.2016 00:00:00;;24.11.1990 00:00:00
3565;Hav̯ov;1791;555088;06.06.2015 00:00:00;;24.11.1990 00:00:00
2119;He¯man˘v MÏstec;981;571385;30.10.2015 00:00:00;;24.11.1990 00:00:00
19;HlavnÌ mÏsto Praha;19;554782;10.02.2016 00:00:00;;01.01.2003 00:00:00
2127;Hlinsko;990;571393;22.09.2015 00:00:00;;24.11.1990 00:00:00
582;Hlubok· nad Vltavou;302;544485;06.06.2015 00:00:00;;24.11.1990 00:00:00
3689;HluboËky;1899;502146;01.01.2016 00:00:00;;01.01.2003 00:00:00
3743;HluËÌn;1929;507016;06.06.2015 00:00:00;;24.11.1990 00:00:00
1732;Hodkovice nad Mohelkou;817;564061;06.06.2015 00:00:00;;20.03.1992 00:00:00
2950;HodonÌn;1473;586021;06.06.2015 00:00:00;;24.11.1990 00:00:00
3077;Holeöov;1538;588458;01.09.2015 00:00:00;;24.11.1990 00:00:00
2321;Holice;1074;574988;06.06.2015 00:00:00;;24.11.1990 00:00:00
1023;Hol˝öov;621;553654;08.02.2016 00:00:00;;24.11.1990 00:00:00
1163;HoraûÔovice;558;556254;06.06.2015 00:00:00;;24.11.1990 00:00:00
3433;HornÌ Beneöov;1716;597350;06.06.2015 00:00:00;;24.11.1990 00:00:00
3875;HornÌ LideË;2054;542725;30.11.2015 00:00:00;;20.03.1992 00:00:00
655;HornÌ Plan·;329;545511;01.01.2016 00:00:00;;24.11.1990 00:00:00
1414;HornÌ Slavkov;671;560367;06.06.2015 00:00:00;;24.11.1990 00:00:00
1031;Horöovsk˝ T˝n;493;553671;08.02.2016 00:00:00;;24.11.1990 00:00:00
2542;HostinnÈ;1228;579297;06.06.2015 00:00:00;;24.11.1990 00:00:00
426;Hostivice;230;539244;29.10.2015 00:00:00;;24.11.1990 00:00:00
2160;Ho¯ice;1007;572926;11.01.2016 00:00:00;;24.11.1990 00:00:00
86;Ho¯ovice;60;531189;01.01.2016 00:00:00;;24.11.1990 00:00:00
2046;Hradec Kr·lovÈ;965;569810;24.11.2015 00:00:00;;24.11.1990 00:00:00
3794;Hranice;1970;513750;01.01.2016 00:00:00;;24.11.1990 00:00:00
2232;Hronov;1066;574082;06.06.2015 00:00:00;;24.11.1990 00:00:00
3158;Hrotovice;1597;590673;28.08.2015 00:00:00;;24.11.1990 00:00:00
3328;Hruöovany nad Jeviöovkou;1660;594156;18.01.2016 00:00:00;;24.11.1990 00:00:00
1741;Hr·dek nad Nisou;817;564095;29.06.2015 00:00:00;;24.11.1990 00:00:00
3085;HulÌn;1546;588491;06.06.2015 00:00:00;;24.11.1990 00:00:00
779;Humpolec;361;547999;08.12.2015 00:00:00;;24.11.1990 00:00:00
2828;HustopeËe;1392;584495;16.12.2015 00:00:00;;24.11.1990 00:00:00
3271;Ivanovice na HanÈ;1643;593117;07.10.2015 00:00:00;;20.03.1992 00:00:00
2755;IvanËice;1325;583120;14.12.2015 00:00:00;;24.11.1990 00:00:00
1686;Jablonec nad Nisou;779;563510;06.06.2015 00:00:00;;24.11.1990 00:00:00
2615;JablonnÈ nad OrlicÌ;1261;580376;10.12.2015 00:00:00;;24.11.1990 00:00:00
1538;JablonnÈ v PodjeötÏdÌ;817;561631;22.09.2015 00:00:00;;24.11.1990 00:00:00
3522;Jablunkov;1767;598259;11.12.2015 00:00:00;;24.11.1990 00:00:00
2241;Jaromϯ;1040;574121;10.11.2015 00:00:00;;24.11.1990 00:00:00
3166;Jaromϯice nad Rokytnou;1597;590754;06.06.2015 00:00:00;;24.11.1990 00:00:00
3921;JavornÌk;2062;536148;23.10.2015 00:00:00;;24.11.1990 00:00:00
3174;Jemnice;1571;590789;23.10.2015 00:00:00;;24.11.1990 00:00:00
434;Jesenice (okres Praha-z·pad);230;539325;10.02.2016 00:00:00;;01.01.2003 00:00:00
540;Jesenice (okres RakovnÌk);272;541834;09.02.2016 00:00:00;;24.11.1990 00:00:00
3930;JesenÌk;2062;536385;09.10.2015 00:00:00;;24.11.1990 00:00:00
2488;JevÌËko;1171;578193;13.10.2015 00:00:00;;24.11.1990 00:00:00
3018;Jihlava;1503;586846;09.12.2015 00:00:00;;24.11.1990 00:00:00
2437;Jilemnice;1139;577197;22.01.2016 00:00:00;;24.11.1990 00:00:00
710;Jind¯ich˘v Hradec;345;545881;16.12.2015 00:00:00;;24.11.1990 00:00:00
1643;Jirkov;752;563099;05.02.2016 00:00:00;;24.11.1990 00:00:00
2178;JiËÌn;1015;572659;11.11.2015 00:00:00;;24.11.1990 00:00:00
442;JÌlovÈ u Prahy;230;539333;10.02.2016 00:00:00;;24.11.1990 00:00:00
1651;KadaÚ;761;563102;01.01.2016 00:00:00;;24.11.1990 00:00:00
370;Kamenice;221;538299;10.12.2015 00:00:00;;01.01.2003 00:00:00
787;Kamenice nad Lipou;388;548111;16.12.2015 00:00:00;;24.11.1990 00:00:00
663;Kaplice;311;545562;06.06.2015 00:00:00;;24.11.1990 00:00:00
1104;Karlovy Vary;531;554961;04.01.2016 00:00:00;;24.11.1990 00:00:00
3883;Karolinka;2054;542911;26.11.2015 00:00:00;;24.11.1990 00:00:00
3573;Karvin·;1805;598917;06.06.2015 00:00:00;;24.11.1990 00:00:00
1171;KaöperskÈ Hory;574;556432;18.12.2015 00:00:00;;24.11.1990 00:00:00
1040;KdynÏ;485;553786;21.10.2015 00:00:00;;24.11.1990 00:00:00
94;Kladno;78;532053;11.11.2015 00:00:00;;24.11.1990 00:00:00
1180;Klatovy;566;555771;11.01.2016 00:00:00;;24.11.1990 00:00:00
2836;Klobouky u Brna;1392;584550;06.06.2015 00:00:00;;24.11.1990 00:00:00
1660;Kl·öterec nad Oh¯Ì;761;563129;01.01.2016 00:00:00;;24.11.1990 00:00:00
3808;KojetÌn;1996;514055;15.01.2016 00:00:00;;24.11.1990 00:00:00
132;KolÌn;94;533165;18.12.2015 00:00:00;;24.11.1990 00:00:00
3123;Konice;1554;589624;23.12.2015 00:00:00;;24.11.1990 00:00:00
2186;Kopidlno;1015;573060;06.06.2015 00:00:00;;24.11.1990 00:00:00
3638;Kop¯ivnice;1856;599565;06.06.2015 00:00:00;;24.11.1990 00:00:00
3093;KoryËany;1546;588601;17.12.2015 00:00:00;;24.11.1990 00:00:00
2372;Kostelec nad OrlicÌ;1112;576361;29.07.2015 00:00:00;;24.11.1990 00:00:00
141;Kostelec nad »ern˝mi lesy;221;533416;14.12.2015 00:00:00;;24.11.1990 00:00:00
159;Kou¯im;94;533424;29.10.2015 00:00:00;;24.11.1990 00:00:00
1309;Kralovice;639;559075;10.12.2015 00:00:00;;24.11.1990 00:00:00
230;Kralupy nad Vltavou;132;534951;06.06.2015 00:00:00;;24.11.1990 00:00:00
1422;Kraslice;663;560472;11.11.2015 00:00:00;;24.11.1990 00:00:00
3751;Krava¯e;1937;507580;06.06.2015 00:00:00;;24.11.1990 00:00:00
3441;Krnov;1724;597520;06.06.2015 00:00:00;;24.11.1990 00:00:00
3107;KromÏ¯Ìû;1546;588296;06.06.2015 00:00:00;;24.11.1990 00:00:00
1929;Krupka;914;567639;06.06.2015 00:00:00;;01.01.2003 00:00:00
2623;Kr·lÌky;1236;580481;08.01.2016 00:00:00;;24.11.1990 00:00:00
191;Kutn· Hora;116;533955;18.12.2015 00:00:00;;24.11.1990 00:00:00
2763;Ku¯im;1333;583251;06.06.2015 00:00:00;;24.11.1990 00:00:00
2968;Kyjov;1481;586307;23.06.2015 00:00:00;;24.11.1990 00:00:00
1431;Kynöperk nad Oh¯Ì;671;560499;06.06.2015 00:00:00;;24.11.1990 00:00:00
558;K¯ivokl·t;272;541982;06.06.2015 00:00:00;;20.03.1992 00:00:00
2631;Lanökroun;1244;580511;06.06.2015 00:00:00;;24.11.1990 00:00:00
2003;LedeË nad S·zavou;957;568988;05.10.2015 00:00:00;;24.11.1990 00:00:00
2640;Letohrad;1261;580538;06.11.2015 00:00:00;;24.11.1990 00:00:00
2721;Letovice;1309;581917;06.10.2015 00:00:00;;24.11.1990 00:00:00
1759;Liberec;817;563889;06.06.2015 00:00:00;;24.11.1990 00:00:00
1783;Libochovice;833;565164;06.06.2015 00:00:00;;24.11.1990 00:00:00
1945;Libouchec;922;568058;02.11.2015 00:00:00;;20.03.1992 00:00:00
3816;LipnÌk nad BeËvou;1988;514705;01.01.2016 00:00:00;;24.11.1990 00:00:00
2496;Litomyöl;1163;578347;24.06.2015 00:00:00;;24.11.1990 00:00:00
1791;Litomϯice;825;564567;05.10.2015 00:00:00;;24.11.1990 00:00:00
3697;Litovel;1881;503444;23.12.2015 00:00:00;;24.11.1990 00:00:00
1881;LitvÌnov;884;567256;13.11.2015 00:00:00;;24.11.1990 00:00:00
591;Liöov;302;544779;06.06.2015 00:00:00;;24.11.1990 00:00:00
1449;Loket;671;560537;06.06.2015 00:00:00;;24.11.1990 00:00:00
2445;Lomnice nad Popelkou;1147;577308;21.12.2015 00:00:00;;24.11.1990 00:00:00
1848;Louny;850;565971;21.12.2015 00:00:00;;24.11.1990 00:00:00
1805;Lovosice;833;565229;20.01.2016 00:00:00;;24.11.1990 00:00:00
2879;LuhaËovice;1422;585459;19.10.2015 00:00:00;;24.11.1990 00:00:00
311;Lys· nad Labem;183;537454;06.06.2015 00:00:00;;24.11.1990 00:00:00
2330;L·znÏ BohdaneË;1082;574767;15.02.2016 00:00:00;;24.11.1990 00:00:00
2194;L·znÏ BÏlohrad;1015;573094;06.06.2015 00:00:00;;24.11.1990 00:00:00
1317;ManÏtÌn;639;559202;03.09.2015 00:00:00;;24.11.1990 00:00:00
1091;Mari·nskÈ L·znÏ;523;554642;06.10.2015 00:00:00;;24.11.1990 00:00:00
2844;Mikulov;1406;584649;06.06.2015 00:00:00;;24.11.1990 00:00:00
825;Milevsko;396;549576;06.06.2015 00:00:00;;24.11.1990 00:00:00
1546;MimoÚ;710;561835;06.06.2015 00:00:00;;24.11.1990 00:00:00
3336;Miroslav;1651;594458;18.01.2016 00:00:00;;24.11.1990 00:00:00
833;Mirotice;400;549584;25.09.2015 00:00:00;;24.11.1990 00:00:00
841;Mirovice;400;549592;06.06.2015 00:00:00;;20.03.1992 00:00:00
299;Mlad· Boleslav;167;535419;11.01.2016 00:00:00;;24.11.1990 00:00:00
965;Mlad· Voûice;477;552704;15.02.2016 00:00:00;;24.11.1990 00:00:00
302;Mnichovo HradiötÏ;175;536326;16.07.2015 00:00:00;;24.11.1990 00:00:00
451;MnÌöek pod Brdy;230;540765;06.06.2015 00:00:00;;24.11.1990 00:00:00
3841;Mohelnice;2003;540471;17.02.2016 00:00:00;;24.11.1990 00:00:00
2500;Moravsk· T¯ebov·;1171;578444;04.12.2015 00:00:00;;24.11.1990 00:00:00
3182;MoravskÈ BudÏjovice;1571;591181;22.12.2015 00:00:00;;24.11.1990 00:00:00
3450;Moravsk˝ Beroun;1911;597678;01.01.2016 00:00:00;;24.11.1990 00:00:00
3344;Moravsk˝ Krumlov;1651;594482;14.12.2015 00:00:00;;24.11.1990 00:00:00
3115;Morkovice-SlÌûany;1546;588768;09.11.2015 00:00:00;;24.11.1990 00:00:00
1899;Most;892;567027;21.12.2015 00:00:00;;24.11.1990 00:00:00
248;Möeno;141;535052;25.01.2016 00:00:00;;20.03.1992 00:00:00
256;MÏlnÌk;141;534676;09.12.2015 00:00:00;;24.11.1990 00:00:00
329;MÏstec Kr·lovÈ;205;537489;08.12.2015 00:00:00;;24.11.1990 00:00:00
3468;MÏsto Albrechtice;1724;597635;06.06.2015 00:00:00;;24.11.1990 00:00:00
1325;MÏsto Touökov;647;559211;02.10.2015 00:00:00;;24.11.1990 00:00:00
2887;Napajedla;1431;585513;06.06.2015 00:00:00;;24.11.1990 00:00:00
2135;Nasavrky;981;571911;30.09.2015 00:00:00;;20.03.1992 00:00:00
2054;Nechanice;965;570451;24.11.2015 00:00:00;;20.03.1992 00:00:00
1112;Nejdek;531;555380;06.06.2015 00:00:00;;24.11.1990 00:00:00
1252;Nepomuk;604;558109;06.06.2015 00:00:00;;24.11.1990 00:00:00
264;Neratovice;159;535087;20.01.2016 00:00:00;;24.11.1990 00:00:00
876;Netolice;418;550442;10.07.2015 00:00:00;;24.11.1990 00:00:00
728;Nov· Byst¯ice;345;546798;25.11.2015 00:00:00;;24.11.1990 00:00:00
2208;Nov· Paka;1023;573248;29.10.2015 00:00:00;;24.11.1990 00:00:00
604;NovÈ Hrady;281;544868;06.06.2015 00:00:00;;24.11.1990 00:00:00
3387;NovÈ MÏsto na MoravÏ;1686;596230;14.12.2015 00:00:00;;24.11.1990 00:00:00
2259;NovÈ MÏsto nad MetujÌ;1058;574279;06.06.2015 00:00:00;;24.11.1990 00:00:00
1767;NovÈ MÏsto pod Smrkem;809;564265;14.07.2015 00:00:00;;24.11.1990 00:00:00
566;NovÈ StraöecÌ;272;542164;24.07.2015 00:00:00;;24.11.1990 00:00:00
1554;Nov˝ Bor;701;561860;06.06.2015 00:00:00;;24.11.1990 00:00:00
2062;Nov˝ Bydûov;973;570508;11.01.2016 00:00:00;;24.11.1990 00:00:00
3646;Nov˝ JiËÌn;1864;599191;11.11.2015 00:00:00;;24.11.1990 00:00:00
337;Nymburk;191;537004;11.01.2016 00:00:00;;24.11.1990 00:00:00
2267;N·chod;1066;573868;06.06.2015 00:00:00;;24.11.1990 00:00:00
3191;N·mÏöù nad Oslavou;1589;591211;24.09.2015 00:00:00;;24.11.1990 00:00:00
3131;NÏmËice nad Hanou;1562;589756;15.01.2016 00:00:00;;24.11.1990 00:00:00
1198;N˝rsko;566;556831;06.06.2015 00:00:00;;24.11.1990 00:00:00
1333;N˝¯any;647;559300;02.10.2015 00:00:00;;24.11.1990 00:00:00
388;Odolena Voda;213;538574;06.06.2015 00:00:00;;24.11.1990 00:00:00
3654;Odry;1872;599701;01.01.2016 00:00:00;;24.11.1990 00:00:00
3701;Olomouc;1899;500496;01.01.2016 00:00:00;;24.11.1990 00:00:00
3760;Opava;1945;505927;13.10.2015 00:00:00;;24.11.1990 00:00:00
2381;OpoËno;1104;576590;06.06.2015 00:00:00;;24.11.1990 00:00:00
3581;Orlov·;1813;599069;06.06.2015 00:00:00;;24.11.1990 00:00:00
3476;Osoblaha;1724;597716;06.06.2015 00:00:00;;20.03.1992 00:00:00
3786;Ostrava;1961;554821;06.06.2015 00:00:00;;01.01.2003 00:00:00
1121;Ostrov;540;555428;01.01.2016 00:00:00;;24.11.1990 00:00:00
2895;Otrokovice;1431;585599;06.06.2015 00:00:00;;24.11.1990 00:00:00
795;Pacov;370;548511;27.01.2016 00:00:00;;24.11.1990 00:00:00
2348;Pardubice;1082;555134;08.06.2015 00:00:00;;24.11.1990 00:00:00
809;Pelh¯imov;388;547492;27.01.2016 00:00:00;;24.11.1990 00:00:00
167;PeËky;94;537641;02.07.2015 00:00:00;;24.11.1990 00:00:00
1481;Plan·;698;561134;06.10.2015 00:00:00;;24.11.1990 00:00:00
1341;Plasy;639;559351;06.06.2015 00:00:00;;24.11.1990 00:00:00
1228;PlzeÚ;582;554791;07.12.2015 00:00:00;;01.01.2003 00:00:00
1201;Pl·nice;566;556955;06.06.2015 00:00:00;;24.11.1990 00:00:00
1058;PobÏûovice;485;554111;02.11.2015 00:00:00;;24.11.1990 00:00:00
1856;Podbo¯any;868;566616;01.01.2016 00:00:00;;24.11.1990 00:00:00
345;PodÏbrady;205;537683;04.12.2015 00:00:00;;24.11.1990 00:00:00
2852;Poho¯elice;1414;584801;06.06.2015 00:00:00;;24.11.1990 00:00:00
2275;Police nad MetujÌ;1066;574341;06.06.2015 00:00:00;;24.11.1990 00:00:00
2518;PoliËka;1180;578576;30.11.2015 00:00:00;;24.11.1990 00:00:00
3026;Poln·;1503;587711;29.06.2015 00:00:00;;24.11.1990 00:00:00
1864;Postoloprty;850;566624;06.06.2015 00:00:00;;01.01.1996 00:00:00
817;Po˷tky;388;548561;16.12.2015 00:00:00;;24.11.1990 00:00:00
884;Prachatice;418;550094;25.01.2016 00:00:00;;24.11.1990 00:00:00
3140;ProstÏjov;1562;589250;28.01.2016 00:00:00;;24.11.1990 00:00:00
850;ProtivÌn;400;549771;06.06.2015 00:00:00;;24.11.1990 00:00:00
868;PÌsek;400;549240;29.01.2016 00:00:00;;24.11.1990 00:00:00
2356;P¯elouË;1091;575500;15.02.2016 00:00:00;;24.11.1990 00:00:00
3824;P¯erov;1996;511382;16.06.2015 00:00:00;;24.11.1990 00:00:00
1261;P¯eötice;612;558249;15.12.2015 00:00:00;;24.11.1990 00:00:00
2011;P¯ibyslav;949;569321;06.01.2016 00:00:00;;24.11.1990 00:00:00
3662;P¯Ìbor;1856;599808;06.06.2015 00:00:00;;24.11.1990 00:00:00
507;P¯Ìbram;256;539911;01.01.2016 00:00:00;;24.11.1990 00:00:00
1376;Radnice;655;560120;06.06.2015 00:00:00;;24.11.1990 00:00:00
574;RakovnÌk;272;541656;09.02.2016 00:00:00;;24.11.1990 00:00:00
1384;Rokycany;655;559717;01.01.2016 00:00:00;;24.11.1990 00:00:00
2453;Rokytnice nad Jizerou;1139;577456;06.06.2015 00:00:00;;24.11.1990 00:00:00
2399;Rokytnice v Orlick˝ch hor·ch;1121;576701;30.11.2015 00:00:00;;24.11.1990 00:00:00
2771;Rosice;1341;583782;02.10.2015 00:00:00;;24.11.1990 00:00:00
1813;Roudnice nad Labem;841;565555;03.12.2015 00:00:00;;24.11.1990 00:00:00
3280;RousÌnov;1643;593559;09.11.2015 00:00:00;;24.11.1990 00:00:00
469;Roztoky;230;539627;07.10.2015 00:00:00;;24.11.1990 00:00:00
515;Roûmit·l pod T¯emöÌnem;256;541231;01.01.2016 00:00:00;;24.11.1990 00:00:00
3891;Roûnov pod RadhoötÏm;2038;544841;26.11.2015 00:00:00;;24.11.1990 00:00:00
1597;Rumburk;736;562777;06.06.2015 00:00:00;;24.11.1990 00:00:00
2402;Rychnov nad KnÏûnou;1121;576069;22.12.2015 00:00:00;;24.11.1990 00:00:00
3484;R˝ma¯ov;1732;597783;30.11.2015 00:00:00;;24.11.1990 00:00:00
353;Sadsk·;191;537764;20.10.2015 00:00:00;;01.01.1996 00:00:00
523;SedlËany;264;541281;23.10.2015 00:00:00;;24.11.1990 00:00:00
2461;Semily;1147;576964;01.12.2015 00:00:00;;24.11.1990 00:00:00
973;Sezimovo ⁄stÌ;477;553069;06.06.2015 00:00:00;;20.03.1992 00:00:00
2143;SkuteË;981;572241;06.06.2015 00:00:00;;24.11.1990 00:00:00
108;Slan˝;86;532819;06.06.2015 00:00:00;;24.11.1990 00:00:00
2909;SlaviËÌn;1422;585751;06.06.2015 00:00:00;;24.11.1990 00:00:00
3298;Slavkov u Brna;1635;593583;06.06.2015 00:00:00;;24.11.1990 00:00:00
736;Slavonice;337;547166;17.12.2015 00:00:00;;24.11.1990 00:00:00
2071;Smi¯ice;965;570877;16.09.2015 00:00:00;;24.11.1990 00:00:00
2216;Sobotka;1015;573493;06.06.2015 00:00:00;;24.11.1990 00:00:00
981;SobÏslav;469;553131;14.12.2015 00:00:00;;24.11.1990 00:00:00
1457;Sokolov;671;560286;11.11.2015 00:00:00;;24.11.1990 00:00:00
1279;Sp·lenÈ Po¯ÌËÌ;591;558362;01.01.2016 00:00:00;;01.01.2003 00:00:00
3221;StarÈ MÏsto;1601;550752;06.06.2015 00:00:00;;01.01.2003 00:00:00
1287;Star˝ Plzenec;582;558371;14.12.2015 00:00:00;;24.11.1990 00:00:00
1066;StaÚkov;493;554294;14.12.2015 00:00:00;;24.11.1990 00:00:00
1295;Stod;621;558389;27.11.2015 00:00:00;;24.11.1990 00:00:00
922;Strakonice;442;550787;12.02.2016 00:00:00;;24.11.1990 00:00:00
2976;Str·ûnice;1490;586587;18.06.2015 00:00:00;;24.11.1990 00:00:00
3671;StudÈnka;1830;599921;27.08.2015 00:00:00;;24.11.1990 00:00:00
1490;St¯Ìbro;680;561215;26.08.2015 00:00:00;;24.11.1990 00:00:00
744;Suchdol nad LuûnicÌ;353;547280;06.06.2015 00:00:00;;24.11.1990 00:00:00
1210;Suöice;574;557153;11.01.2016 00:00:00;;24.11.1990 00:00:00
2526;Svitavy;1198;577731;10.11.2015 00:00:00;;24.11.1990 00:00:00
2551;Svoboda nad ⁄pou;1210;579734;06.06.2015 00:00:00;;24.11.1990 00:00:00
2020;SvÏtl· nad S·zavou;957;569569;21.10.2015 00:00:00;;24.11.1990 00:00:00
35;S·zava;27;534382;15.07.2015 00:00:00;;24.11.1990 00:00:00
1503;Tachov;698;560715;12.11.2015 00:00:00;;24.11.1990 00:00:00
1694;Tanvald;787;563820;06.06.2015 00:00:00;;24.11.1990 00:00:00
3034;TelË;1511;588024;22.12.2015 00:00:00;;24.11.1990 00:00:00
1937;Teplice;914;567442;22.10.2015 00:00:00;;24.11.1990 00:00:00
2283;Teplice nad MetujÌ;1031;574538;26.11.2015 00:00:00;;24.11.1990 00:00:00
2780;Tiönov;1350;584002;17.12.2015 00:00:00;;24.11.1990 00:00:00
1139;Touûim;531;555657;04.01.2016 00:00:00;;24.11.1990 00:00:00
612;TrhovÈ Sviny;281;545171;21.09.2015 00:00:00;;24.11.1990 00:00:00
2569;Trutnov;1210;579025;26.11.2015 00:00:00;;24.11.1990 00:00:00
2470;Turnov;1155;577626;21.12.2015 00:00:00;;24.11.1990 00:00:00
990;T·bor;477;552046;16.12.2015 00:00:00;;24.11.1990 00:00:00
2089;T¯ebechovice pod Orebem;965;571041;06.06.2015 00:00:00;;24.11.1990 00:00:00
752;T¯eboÚ;353;547336;06.06.2015 00:00:00;;24.11.1990 00:00:00
3204;T¯ebÌË;1597;590266;09.12.2015 00:00:00;;24.11.1990 00:00:00
2151;T¯emoönice;981;572411;06.06.2015 00:00:00;;24.11.1990 00:00:00
1350;T¯emoön·;647;559521;06.06.2015 00:00:00;;24.11.1990 00:00:00
3042;T¯eöù;1503;588032;16.12.2015 00:00:00;;24.11.1990 00:00:00
3531;T¯inec;1775;598810;06.06.2015 00:00:00;;24.11.1990 00:00:00
621;T˝n nad Vltavou;299;545201;06.06.2015 00:00:00;;24.11.1990 00:00:00
175;T˝nec nad Labem;94;533807;01.12.2015 00:00:00;;20.03.1992 00:00:00
43;T˝nec nad S·zavou;27;530841;06.06.2015 00:00:00;;24.11.1990 00:00:00
2411;T˝niötÏ nad OrlicÌ;1112;576859;06.06.2015 00:00:00;;24.11.1990 00:00:00
3239;UherskÈ HradiötÏ;1601;592005;27.10.2015 00:00:00;;24.11.1990 00:00:00
3247;Uhersk˝ Brod;1619;592731;18.11.2015 00:00:00;;24.11.1990 00:00:00
3255;Uhersk˝ Ostroh;1601;592749;06.06.2015 00:00:00;;24.11.1990 00:00:00
205;UhlÌ¯skÈ Janovice;116;534498;09.11.2015 00:00:00;;24.11.1990 00:00:00
116;Unhoöù;78;533017;11.11.2015 00:00:00;;20.03.1992 00:00:00
3719;UniËov;1902;505587;17.02.2016 00:00:00;;24.11.1990 00:00:00
2917;ValaöskÈ Klobouky;1449;585891;06.06.2015 00:00:00;;24.11.1990 00:00:00
3905;ValaöskÈ Mezi¯ÌËÌ;2046;545058;11.11.2015 00:00:00;;24.11.1990 00:00:00
2429;Vamberk;1121;576883;22.12.2015 00:00:00;;24.11.1990 00:00:00
1601;Varnsdorf;744;562882;06.06.2015 00:00:00;;24.11.1990 00:00:00
1678;Vejprty;761;563404;24.11.2015 00:00:00;;24.11.1990 00:00:00
3395;Velk· BÌteö;1694;596973;06.06.2015 00:00:00;;24.11.1990 00:00:00
2984;Velk· nad VeliËkou;1490;586714;18.06.2015 00:00:00;;24.11.1990 00:00:00
1953;VelkÈ B¯ezno;922;568350;06.06.2015 00:00:00;;20.03.1992 00:00:00
3409;VelkÈ Mezi¯ÌËÌ;1694;597007;30.10.2015 00:00:00;;24.11.1990 00:00:00
2739;VelkÈ Opatovice;1309;582646;09.07.2015 00:00:00;;01.01.2003 00:00:00
124;Velvary;86;533041;30.11.2015 00:00:00;;24.11.1990 00:00:00
1007;VeselÌ nad LuûnicÌ;469;553271;06.06.2015 00:00:00;;24.11.1990 00:00:00
2992;VeselÌ nad Moravou;1490;586722;18.06.2015 00:00:00;;24.11.1990 00:00:00
892;Vimperk;426;550647;25.01.2016 00:00:00;;24.11.1990 00:00:00
2925;Vizovice;1457;585939;07.01.2016 00:00:00;;24.11.1990 00:00:00
51;Vlaöim;35;530883;27.01.2016 00:00:00;;24.11.1990 00:00:00
931;VodÚany;451;551953;29.01.2016 00:00:00;;24.11.1990 00:00:00
671;Vojensk˝ ˙jezd Boletice;329;545422;01.01.2016 00:00:00;;01.01.2003 00:00:00
3301;Vojensk˝ ˙jezd B¯ezina;1643;592935;01.01.2016 00:00:00;;01.01.2003 00:00:00
1147;Vojensk˝ ˙jezd HradiötÏ;531;555177;01.01.2016 00:00:00;;01.01.2003 00:00:00
3727;Vojensk˝ ˙jezd Libav·;1899;503941;01.01.2016 00:00:00;;01.01.2003 00:00:00
906;Volary;418;550671;25.01.2016 00:00:00;;24.11.1990 00:00:00
949;VolynÏ;442;551970;12.02.2016 00:00:00;;24.11.1990 00:00:00
60;Votice;43;530905;15.02.2016 00:00:00;;24.11.1990 00:00:00
3352;Vranov nad DyjÌ;1660;595098;06.06.2015 00:00:00;;24.11.1990 00:00:00
3549;Vratimov;1961;598879;06.06.2015 00:00:00;;20.03.1992 00:00:00
3492;Vrbno pod PradÏdem;1716;597961;06.06.2015 00:00:00;;24.11.1990 00:00:00
2577;VrchlabÌ;1228;579858;22.01.2016 00:00:00;;24.11.1990 00:00:00
3913;VsetÌn;2054;541630;10.12.2015 00:00:00;;24.11.1990 00:00:00
2658;VysokÈ M˝to;1252;581186;06.06.2015 00:00:00;;24.11.1990 00:00:00
3310;Vyökov;1643;592889;28.01.2016 00:00:00;;24.11.1990 00:00:00
680;VyööÌ Brod;329;545848;01.12.2015 00:00:00;;24.11.1990 00:00:00
1368;Vöeruby;647;559628;03.09.2015 00:00:00;;20.03.1992 00:00:00
3778;VÌtkov;1953;511021;20.01.2016 00:00:00;;24.11.1990 00:00:00
1392;Zbiroh;655;560260;06.06.2015 00:00:00;;24.11.1990 00:00:00
3948;ZlatÈ Hory;2062;597996;06.08.2015 00:00:00;;24.11.1990 00:00:00
639;Zliv;302;545341;06.06.2015 00:00:00;;24.11.1990 00:00:00
2933;ZlÌn;1465;585068;07.01.2016 00:00:00;;24.11.1990 00:00:00
3361;Znojmo;1660;593711;05.10.2015 00:00:00;;24.11.1990 00:00:00
213;ZruË nad S·zavou;116;534633;06.06.2015 00:00:00;;24.11.1990 00:00:00
3859;Z·b¯eh;2011;541354;28.01.2016 00:00:00;;24.11.1990 00:00:00
2798;älapanice;1368;583952;06.06.2015 00:00:00;;24.11.1990 00:00:00
1619;äluknov;736;562858;30.11.2015 00:00:00;;24.11.1990 00:00:00
3735;äternberk;1911;505188;01.01.2016 00:00:00;;24.11.1990 00:00:00
1821;ätÏtÌ;825;565709;06.06.2015 00:00:00;;24.11.1990 00:00:00
3867;äumperk;2020;523704;28.01.2016 00:00:00;;24.11.1990 00:00:00
2585;éaclÈ¯;1210;579874;06.06.2015 00:00:00;;24.11.1990 00:00:00
2666;éamberk;1261;581259;06.11.2015 00:00:00;;24.11.1990 00:00:00
1872;éatec;876;566985;19.10.2015 00:00:00;;24.11.1990 00:00:00
3000;éd·nice;1481;586803;06.06.2015 00:00:00;;24.11.1990 00:00:00
1708;éelezn˝ Brod;795;563871;20.08.2015 00:00:00;;24.11.1990 00:00:00
2801;éidlochovice;1376;584282;06.06.2015 00:00:00;;24.11.1990 00:00:00
1155;élutice;531;555762;01.01.2016 00:00:00;;24.11.1990 00:00:00
3417;éÔ·r nad S·zavou;1708;595209;30.10.2015 00:00:00;;24.11.1990 00:00:00
396;»el·kovice;213;538132;05.02.2016 00:00:00;;24.11.1990 00:00:00
477;»ernoöice;230;539139;11.11.2015 00:00:00;;24.11.1990 00:00:00
2291;»erven˝ Kostelec;1066;573965;06.06.2015 00:00:00;;24.11.1990 00:00:00
1627;»esk· Kamenice;728;562394;06.06.2015 00:00:00;;24.11.1990 00:00:00
1562;»esk· LÌpa;710;561380;27.11.2015 00:00:00;;24.11.1990 00:00:00
2305;»esk· Skalice;1066;573990;06.06.2015 00:00:00;;24.11.1990 00:00:00
2674;»esk· T¯ebov·;1279;580031;06.06.2015 00:00:00;;24.11.1990 00:00:00
647;»eskÈ BudÏjovice;302;544256;10.02.2016 00:00:00;;24.11.1990 00:00:00
761;»eskÈ Velenice;353;546089;06.06.2015 00:00:00;;24.11.1990 00:00:00
183;»esk˝ Brod;108;533271;05.02.2016 00:00:00;;24.11.1990 00:00:00
1775;»esk˝ Dub;817;563960;29.06.2015 00:00:00;;24.11.1990 00:00:00
698;»esk˝ Krumlov;329;545392;10.02.2016 00:00:00;;24.11.1990 00:00:00
3590;»esk˝ TÏöÌn;1821;598933;06.06.2015 00:00:00;;24.11.1990 00:00:00
221;»·slav;124;534005;06.06.2015 00:00:00;;24.11.1990 00:00:00
400;ÿÌËany;221;538728;14.12.2015 00:00:00;;24.11.1990 00:00:00
2593;⁄pice;1210;579777;06.06.2015 00:00:00;;24.11.1990 00:00:00
1961;⁄stÌ nad Labem;922;554804;20.01.2016 00:00:00;;24.11.1990 00:00:00
2682;⁄stÌ nad OrlicÌ;1287;579891;06.06.2015 00:00:00;;24.11.1990 00:00:00
418;⁄valy;213;538957;06.06.2015 00:00:00;;24.11.1990 00:00:00
1830;⁄ötÏk;825;565814;05.10.2015 00:00:00;;24.11.1990 00:00:00
531;Vojensk˝ ˙jezd Brdy;256;539996;06.06.2015 00:00:00;31.12.2015 00:00:00;01.01.2003 00:00:00

